fname,lname,user_id,pwd
Zach,Zan,170530,dev101
Bob,Rose,177010,dev202
Alice,Smith,170534,8fJd!3Kp
Bob,Johnson,170535,B$9tM6yL
Carol,Williams,170536,pR4&xW2z
David,Brown,170537,J2hQ%t8r
Eva,Jones,170538,gT3@Y7mN
Frank,Garcia,170539,D9v#xP5b
Grace,Miller,170540,L6uF$2tA
Henry,Davis,170541,r1H#pK4m
Isla,Rodriguez,170542,N7y!tD3g
Jack,Martinez,170543,aM2&pZ5j
Karen,Hernandez,170544,K6y!wR9h
Liam,Lopez,170545,t5B$uJ2x
Mona,Gonzalez,170546,H7m#nL4d
Nathan,Wilson,170547,z2F%kT8v
Olivia,Anderson,170548,R9c@jW3b
Paul,Thomas,170549,d6L&yP1s
Quinn,Taylor,170550,P4u#nK7z
Rose,Moore,170551,w3H!tM2g
Sam,Jackson,170552,j8B%mR5h
Tina,Martin,170553,Y2v&kD7p
Umar,Lee,170554,T5r@lJ3d
Vera,Perez,170555,m1N!yP6x
Will,Thompson,170556,x4F#cW8b
Xander,White,170557,b9Q%hL2j
Yara,Harris,170558,n3D&tR7v
Zane,Clark,170559,C6w!pK1g
Aiden,Lewis,170560,h2L#yM5z
Bella,Robinson,170561,y7N@kT4d
Cameron,Walker,170562,g8B%mP3h
Diana,Young,170563,F5r&cJ2x
Ethan,Allen,170564,p1H!tW6b
Fiona,King,170565,z3R#nD9v
George,Wright,170566,d4L%kY7j
Hannah,Scott,170567,j6T@yF2g
Ian,Torres,170568,t5B#mP8h
Jade,Nguyen,170569,R3u@wL1d
Kevin,Hill,170570,K9c!yM4z
Laura,Flores,170571,w2H%pN7x
Mason,Green,170572,m1L#tD5b
Nina,Adams,170573,n8B&kJ3h
Owen,Nelson,170574,C4r!cY2v
Piper,Baker,170575,g7P@mT5z
Quincy,Hall,170576,p6F#yR9d
Rachel,Rivera,170577,x3H%kL2j
Sean,Campbell,170578,j5N!wM8h
Tara,Mitchell,170579,d9B&cT1g
Ulysses,Carter,170580,y4L#rP6v
Vanessa,Roberts,170581,m3R@kD2x
Wyatt,Gomez,170582,t2F!nJ7b
Xenia,Phillips,170583,h1H%yW4z
Zara,Evans,170584,K8u&cL5j
Ava,Turner,170585,n7T#pP3h
Blake,Diaz,170586,p4B@kR2v
Chloe,Parker,170587,g6L!yM9d
Daniel,Cruz,170588,w1H#cD8x
Elena,Edwards,170589,j3N%kY5b
Finn,Collins,170590,d2B&rT7h
Gina,Reyes,170591,x5F@mP4j
Harry,Stewart,170592,t9R!nL1g
Ivy,Morris,170593,y6H#yW3v
Jacob,Morales,170594,m4L@cK2z
Kylie,Murphy,170595,p3T%kJ8d
Logan,Cook,170596,h7B!yD5x
Mia,Rogers,170597,n2F&cR1b
Noah,Morgan,170598,g9H#mP4v
Oscar,Peterson,170599,K5L!yM3j
Paula,Cooper,170600,j2T@kY7h
Quinton,Reed,170601,d6B#nR8g
Riley,Bailey,170602,t1L!cP5v
Sophia,Bell,170603,m3R%kJ9d
Tyler,Gomez,170604,x4H@kY2z
Uma,Kelly,170605,h5T!yD7x
Victor,Howard,170606,y6B&cL8j
Wendy,Stewart,170607,8fJd!3Kp
Xander,Morris,170608,B$9tM6yL
Yvonne,Morales,170609,pR4&xW2z
Zachary,Murphy,170610,J2hQ%t8r
